{
  "require_version" : "5.15",
  "directory": [
    {
      "name" : "uploads/system/faqs"
    },
    {
      "name" : "uploads/system/motivations"
    },
    {
      "name" : "uploads/user_image/optimized"
    },
    {
      "name" : "uploads/lesson_files/captions"
    },
    {
      "name" : "backups"
    },
    {
      "name" : "assets/global/tagify"
    },
    {
      "name" : "assets/global/pdf-canvas"
    },
    {
      "name" : "assets/global/js"
    }
  ],
  "sql_file": "",
  "libraries": [
    {
      "root_directory": "update/update_6.0/assets/playing-page.zip",
      "update_directory": "assets/playing-page.zip"
    },
    {
      "root_directory": "update/update_6.0/assets/frontend/default-new.zip",
      "update_directory": "assets/frontend/default-new.zip"
    },
    {
      "root_directory": "update/update_6.0/application/views/frontend/default-new.zip",
      "update_directory": "application/views/frontend/default-new.zip"
    },
    {
      "root_directory": "update/update_6.0/assets/global/select2.zip",
      "update_directory": "assets/global/select2.zip"
    }
  ],
  "files": [
    {
      "root_directory": "update/update_6.0/application/controllers/Admin.php",
      "update_directory": "application/controllers/Admin.php"
    },
    {
      "root_directory": "update/update_6.0/application/controllers/Api.php",
      "update_directory": "application/controllers/Api.php"
    },
    {
      "root_directory": "update/update_6.0/application/controllers/Data_center.php",
      "update_directory": "application/controllers/Data_center.php"
    },
    {
      "root_directory": "update/update_6.0/application/controllers/Home.php",
      "update_directory": "application/controllers/Home.php"
    },
    {
      "root_directory": "update/update_6.0/application/controllers/Login.php",
      "update_directory": "application/controllers/Login.php"
    },
    {
      "root_directory": "update/update_6.0/application/controllers/Payment.php",
      "update_directory": "application/controllers/Payment.php"
    },
    {
      "root_directory": "update/update_6.0/application/controllers/User.php",
      "update_directory": "application/controllers/User.php"
    },
    {
      "root_directory": "update/update_6.0/application/controllers/Files.php",
      "update_directory": "application/controllers/Files.php"
    },
    {
      "root_directory": "update/update_6.0/application/helpers/common_helper.php",
      "update_directory": "application/helpers/common_helper.php"
    },
    {
      "root_directory": "update/update_6.0/application/helpers/user_helper.php",
      "update_directory": "application/helpers/user_helper.php"
    },
    {
      "root_directory": "update/update_6.0/application/libraries/REST_Controller.php",
      "update_directory": "application/libraries/REST_Controller.php"
    },
    {
      "root_directory": "update/update_6.0/application/models/Academy_cloud_model.php",
      "update_directory": "application/models/Academy_cloud_model.php"
    },
    {
      "root_directory": "update/update_6.0/application/models/Api_instructor_model.php",
      "update_directory": "application/models/Api_instructor_model.php"
    },
    {
      "root_directory": "update/update_6.0/application/models/Api_model.php",
      "update_directory": "application/models/Api_model.php"
    },
    {
      "root_directory": "update/update_6.0/application/models/Crud_model.php",
      "update_directory": "application/models/Crud_model.php"
    },
    {
      "root_directory": "update/update_6.0/application/models/Email_model.php",
      "update_directory": "application/models/Email_model.php"
    },
    {
      "root_directory": "update/update_6.0/application/models/Payment_model.php",
      "update_directory": "application/models/Payment_model.php"
    },
    {
      "root_directory": "update/update_6.0/application/models/User_model.php",
      "update_directory": "application/models/User_model.php"
    },
    {
      "root_directory": "update/update_6.0/application/models/Video_model.php",
      "update_directory": "application/models/Video_model.php"
    },
    {
      "root_directory": "update/update_6.0/application/views/backend/admin/admin_add.php",
      "update_directory": "application/views/backend/admin/admin_add.php"
    },
    {
      "root_directory": "update/update_6.0/application/views/backend/admin/admin_edit.php",
      "update_directory": "application/views/backend/admin/admin_edit.php"
    },
    {
      "root_directory": "update/update_6.0/application/views/backend/admin/admin_permission.php",
      "update_directory": "application/views/backend/admin/admin_permission.php"
    },
    {
      "root_directory": "update/update_6.0/application/views/backend/admin/admins.php",
      "update_directory": "application/views/backend/admin/admins.php"
    },
    {
      "root_directory": "update/update_6.0/application/views/backend/admin/coupon_add.php",
      "update_directory": "application/views/backend/admin/coupon_add.php"
    },
    {
      "root_directory": "update/update_6.0/application/views/backend/admin/coupon_edit.php",
      "update_directory": "application/views/backend/admin/coupon_edit.php"
    },
    {
      "root_directory": "update/update_6.0/application/views/backend/admin/course_add.php",
      "update_directory": "application/views/backend/admin/course_add.php"
    },
    {
      "root_directory": "update/update_6.0/application/views/backend/admin/course_add_shortcut.php",
      "update_directory": "application/views/backend/admin/course_add_shortcut.php"
    },
    {
      "root_directory": "update/update_6.0/application/views/backend/admin/course_edit.php",
      "update_directory": "application/views/backend/admin/course_edit.php"
    },
    {
      "root_directory": "update/update_6.0/application/views/backend/admin/courses-server-side.php",
      "update_directory": "application/views/backend/admin/courses-server-side.php"
    },
    {
      "root_directory": "update/update_6.0/application/views/backend/admin/courses.php",
      "update_directory": "application/views/backend/admin/courses.php"
    },
    {
      "root_directory": "update/update_6.0/application/views/backend/admin/data_center.php",
      "update_directory": "application/views/backend/admin/data_center.php"
    },
    {
      "root_directory": "update/update_6.0/application/views/backend/admin/enrol_history.php",
      "update_directory": "application/views/backend/admin/enrol_history.php"
    },
    {
      "root_directory": "update/update_6.0/application/views/backend/admin/frontend_settings.php",
      "update_directory": "application/views/backend/admin/frontend_settings.php"
    },
    {
      "root_directory": "update/update_6.0/application/views/backend/admin/google_drive_video_lesson_add.php",
      "update_directory": "application/views/backend/admin/google_drive_video_lesson_add.php"
    },
    {
      "root_directory": "update/update_6.0/application/views/backend/admin/html5_type_lesson_add.php",
      "update_directory": "application/views/backend/admin/html5_type_lesson_add.php"
    },
    {
      "root_directory": "update/update_6.0/application/views/backend/admin/instructor_add.php",
      "update_directory": "application/views/backend/admin/instructor_add.php"
    },
    {
      "root_directory": "update/update_6.0/application/views/backend/admin/instructor_edit.php",
      "update_directory": "application/views/backend/admin/instructor_edit.php"
    },
    {
      "root_directory": "update/update_6.0/application/views/backend/admin/instructors.php",
      "update_directory": "application/views/backend/admin/instructors.php"
    },
    {
      "root_directory": "update/update_6.0/application/views/backend/admin/lesson_types.php",
      "update_directory": "application/views/backend/admin/lesson_types.php"
    },
    {
      "root_directory": "update/update_6.0/application/views/backend/admin/mail_on_course_status_changing_modal.php",
      "update_directory": "application/views/backend/admin/mail_on_course_status_changing_modal.php"
    },
    {
      "root_directory": "update/update_6.0/application/views/backend/admin/manage_language.php",
      "update_directory": "application/views/backend/admin/manage_language.php"
    },
    {
      "root_directory": "update/update_6.0/application/views/backend/admin/navigation.php",
      "update_directory": "application/views/backend/admin/navigation.php"
    },
    {
      "root_directory": "update/update_6.0/application/views/backend/admin/shortcut_enrol_student.php",
      "update_directory": "application/views/backend/admin/shortcut_enrol_student.php"
    },
    {
      "root_directory": "update/update_6.0/application/views/backend/admin/system_settings.php",
      "update_directory": "application/views/backend/admin/system_settings.php"
    },
    {
      "root_directory": "update/update_6.0/application/views/backend/admin/user_add.php",
      "update_directory": "application/views/backend/admin/user_add.php"
    },
    {
      "root_directory": "update/update_6.0/application/views/backend/admin/user_edit.php",
      "update_directory": "application/views/backend/admin/user_edit.php"
    },
    {
      "root_directory": "update/update_6.0/application/views/backend/admin/users.php",
      "update_directory": "application/views/backend/admin/users.php"
    },
    {
      "root_directory": "update/update_6.0/application/views/backend/admin/add_newsletter.php",
      "update_directory": "application/views/backend/admin/add_newsletter.php"
    },
    {
      "root_directory": "update/update_6.0/application/views/backend/admin/edit_email_template.php",
      "update_directory": "application/views/backend/admin/edit_email_template.php"
    },
    {
      "root_directory": "update/update_6.0/application/views/backend/admin/edit_newsletter.php",
      "update_directory": "application/views/backend/admin/edit_newsletter.php"
    },
    {
      "root_directory": "update/update_6.0/application/views/backend/admin/newsletters.php",
      "update_directory": "application/views/backend/admin/newsletters.php"
    },
    {
      "root_directory": "update/update_6.0/application/views/backend/admin/notification_settings.php",
      "update_directory": "application/views/backend/admin/notification_settings.php"
    },
    {
      "root_directory": "update/update_6.0/application/views/backend/admin/send_newsletter.php",
      "update_directory": "application/views/backend/admin/send_newsletter.php"
    },
    {
      "root_directory": "update/update_6.0/application/views/backend/admin/student_academic_progress.php",
      "update_directory": "application/views/backend/admin/student_academic_progress.php"
    },
    {
      "root_directory": "update/update_6.0/application/views/backend/admin/student_academic_quiz_result.php",
      "update_directory": "application/views/backend/admin/student_academic_quiz_result.php"
    },
    {
      "root_directory": "update/update_6.0/application/views/backend/admin/subscribed_user.php",
      "update_directory": "application/views/backend/admin/subscribed_user.php"
    },
    {
      "root_directory": "update/update_6.0/application/views/backend/common_scripts.php",
      "update_directory": "application/views/backend/common_scripts.php"
    },
    {
      "root_directory": "update/update_6.0/application/views/backend/header.php",
      "update_directory": "application/views/backend/header.php"
    },
    {
      "root_directory": "update/update_6.0/application/views/backend/header_notification.php",
      "update_directory": "application/views/backend/header_notification.php"
    },
    {
      "root_directory": "update/update_6.0/application/views/backend/user/course_add.php",
      "update_directory": "application/views/backend/user/course_add.php"
    },
    {
      "root_directory": "update/update_6.0/application/views/backend/user/course_add_shortcut.php",
      "update_directory": "application/views/backend/user/course_add_shortcut.php"
    },
    {
      "root_directory": "update/update_6.0/application/views/backend/user/course_edit.php",
      "update_directory": "application/views/backend/user/course_edit.php"
    },
    {
      "root_directory": "update/update_6.0/application/views/backend/user/courses-server-side.php",
      "update_directory": "application/views/backend/user/courses-server-side.php"
    },
    {
      "root_directory": "update/update_6.0/application/views/backend/user/navigation.php",
      "update_directory": "application/views/backend/user/navigation.php"
    },
    {
      "root_directory": "update/update_6.0/application/views/backend/user/student_academic_progress.php",
      "update_directory": "application/views/backend/user/student_academic_progress.php"
    },
    {
      "root_directory": "update/update_6.0/application/views/backend/user/student_academic_quiz_result.php",
      "update_directory": "application/views/backend/user/student_academic_quiz_result.php"
    },
    {
      "root_directory": "update/update_6.0/application/views/email/common_template.php",
      "update_directory": "application/views/email/common_template.php"
    },
    {
      "root_directory": "update/update_6.0/application/views/email/static_common_template.php",
      "update_directory": "application/views/email/static_common_template.php"
    },
    {
      "root_directory": "update/update_6.0/application/views/lessons/general_course_content_body.php",
      "update_directory": "application/views/lessons/general_course_content_body.php"
    },
    {
      "root_directory": "update/update_6.0/application/views/lessons/includes_bottom.php",
      "update_directory": "application/views/lessons/includes_bottom.php"
    },
    {
      "root_directory": "update/update_6.0/application/views/lessons/includes_top.php",
      "update_directory": "application/views/lessons/includes_top.php"
    },
    {
      "root_directory": "update/update_6.0/application/views/lessons/index.php",
      "update_directory": "application/views/lessons/index.php"
    },
    {
      "root_directory": "update/update_6.0/application/views/lessons/quiz_answer_sheet.php",
      "update_directory": "application/views/lessons/quiz_answer_sheet.php"
    },
    {
      "root_directory": "update/update_6.0/application/views/lessons/quiz_result.php",
      "update_directory": "application/views/lessons/quiz_result.php"
    },
    {
      "root_directory": "update/update_6.0/application/views/lessons/quiz_view.php",
      "update_directory": "application/views/lessons/quiz_view.php"
    },
    {
      "root_directory": "update/update_6.0/application/views/lessons/bottom_tabs.php",
      "update_directory": "application/views/lessons/bottom_tabs.php"
    },
    {
      "root_directory": "update/update_6.0/application/views/lessons/pdf_canvas.php",
      "update_directory": "application/views/lessons/pdf_canvas.php"
    },
    {
      "root_directory": "update/update_6.0/application/views/lessons/plyr_config.php",
      "update_directory": "application/views/lessons/plyr_config.php"
    },
    {
      "root_directory": "update/update_6.0/application/views/lessons/sidebar.php",
      "update_directory": "application/views/lessons/sidebar.php"
    },
    {
      "root_directory": "update/update_6.0/assets/backend/css/main.css",
      "update_directory": "assets/backend/css/main.css"
    },
    {
      "root_directory": "update/update_6.0/assets/backend/js/custom.js",
      "update_directory": "assets/backend/js/custom.js"
    },
    {
      "root_directory": "update/update_6.0/assets/global/plyr/plyr.css",
      "update_directory": "assets/global/plyr/plyr.css"
    },
    {
      "root_directory": "update/update_6.0/assets/global/image/empty-notification.png",
      "update_directory": "assets/global/image/empty-notification.png"
    },
    {
      "root_directory": "update/update_6.0/assets/global/tagify/jquery.tagify.js",
      "update_directory": "assets/global/tagify/jquery.tagify.js"
    },
    {
      "root_directory": "update/update_6.0/assets/global/tagify/tagify.css",
      "update_directory": "assets/global/tagify/tagify.css"
    },
    {
      "root_directory": "update/update_6.0/assets/global/pdf-canvas/pdf.min.js",
      "update_directory": "assets/global/pdf-canvas/pdf.min.js"
    },
    {
      "root_directory": "update/update_6.0/assets/global/pdf-canvas/pdf.worker.min.js",
      "update_directory": "assets/global/pdf-canvas/pdf.worker.min.js"
    },
    {
      "root_directory": "update/update_6.0/assets/global/js/jquery-3.6.1.min.js",
      "update_directory": "assets/global/js/jquery-3.6.1.min.js"
    },
    {
      "root_directory": "update/update_6.0/system/core/Controller.php",
      "update_directory": "system/core/Controller.php"
    },
    {
      "root_directory": "update/update_6.0/system/core/Loader.php",
      "update_directory": "system/core/Loader.php"
    },
    {
      "root_directory": "update/update_6.0/system/core/Output.php",
      "update_directory": "system/core/Output.php"
    },
    {
      "root_directory": "update/update_6.0/system/core/Router.php",
      "update_directory": "system/core/Router.php"
    },
    {
      "root_directory": "update/update_6.0/system/core/URI.php",
      "update_directory": "system/core/URI.php"
    },
    {
      "root_directory": "update/update_6.0/system/database/DB_driver.php",
      "update_directory": "system/database/DB_driver.php"
    },
    {
      "root_directory": "update/update_6.0/system/libraries/Image_lib.php",
      "update_directory": "system/libraries/Image_lib.php"
    },
    {
      "root_directory": "update/update_6.0/system/libraries/Session/Session.php",
      "update_directory": "system/libraries/Session/Session.php"
    },
    {
      "root_directory": "update/update_6.0/system/libraries/Session/drivers/Session_database_driver.php",
      "update_directory": "system/libraries/Session/drivers/Session_database_driver.php"
    },
    {
      "root_directory": "update/update_6.0/uploads/lesson_files/.htaccess",
      "update_directory": "uploads/lesson_files/.htaccess"
    },
    {
      "root_directory": "update/update_6.0/uploads/lesson_files/videos/.htaccess",
      "update_directory": "uploads/lesson_files/videos/.htaccess"
    }
  ]
}